
{
    "region" : "us-west-2",
    "configuration" : "Debug",
    "framework"     : "netcoreapp3.1",
    "self-contained" : false,
    "application"    : "DemoApp",
    "environment"    : "DemoApp-dev",
    "enable-xray"    : false,
    "enhanced-health-type" : "basic",
    "additional-options"   : "\"aws:autoscaling:launchconfiguration,SecurityGroups\"=\"sg-7ad79154\";\"aws:ec2:vpc,Subnets\"=\"subnet-59f95d21\"",
    "solution-stack"       : "64bit Amazon Linux 2 v2.2.6 running .NET Core",
    "environment-type"     : "SingleInstance",
    "cname"                : "cloudydemo",
    "instance-type"        : "t3a.medium",
    "key-pair"             : "awskev",
    "instance-profile"     : "aws-elasticbeanstalk-ec2-role",
    "service-role"         : "aws-elasticbeanstalk-service-role",
    "proxy-server"         : "nginx"
}